游戏名,房间名,主播头衔,热度/万,主播昵称,直播网址
穿越火线,预告|19点AGvsXROCK,斗鱼穿越火线官方赛事,83.4,穿越火线运营团队,https://www.douyu.com//605964
穿越火线,拼团?荣耀世冠/龙儿,CF第一噗通话,59.3,小脑妹,https://www.douyu.com//5621575
穿越火线,嘿嘿，我是小文呀！,CF残局收割机,34.2,白鲨暖文,https://www.douyu.com//6724991
穿越火线,硬仔嗨起 6烈6盘突突起来！,生化逃生大师,32.7,渝万丶灭尸,https://www.douyu.com//4333872
穿越火线,荣耀柯尔特-龙儿 粉烟 召集币 6盘6列,斗鱼CF赛事解说,31.9,老V丶,https://www.douyu.com//600594
穿越火线,拼团/荣耀世冠/龙儿小淘气,火线AK速射王,31.3,主播蹦嚓149435,https://www.douyu.com//149435
穿越火线,小哲：直播直播！,无,30.6,渝万丶小哲,https://www.douyu.com//4333088
穿越火线,慢热女孩小筱雪??,声优M4,30.1,小筱雪y,https://www.douyu.com//8861097
穿越火线,肖晨：暴虐小僵尸,肖晨杯生化赛事创始人,27.4,肖晨吖,https://www.douyu.com//3357246
穿越火线,全区排位?荣耀世冠?龙儿小淘气,双马尾COP女神,25.5,橙子大小姐,https://www.douyu.com//5727882
穿越火线,直播~~生化搞起·~,穿越火线生化之王,24,渝万丶狗哥,https://www.douyu.com//6310
穿越火线,白鲨名片喷涂+小红帽+胡萝卜+粉烟,湖北百城联赛3届省冠金枪王,16,白鲨金豆豆,https://www.douyu.com//1974713
穿越火线,音效卡/光耀/荣耀之巅,CF排位女战神,15.2,情久月姐姐,https://www.douyu.com//897371
穿越火线,渣渣枫：斗鱼最强女鬼救世主,CF追击模式大神,14.2,渣渣枫007,https://www.douyu.com//3859824
穿越火线,自我介绍：搞笑技术主播,苗族普通话推广员,13.8,白鲨欧苗苗,https://www.douyu.com//60888
穿越火线,帮打排位来个号秒上～,无,12.7,轩轩yyds,https://www.douyu.com//10049980
穿越火线,帮打排位/秒上号/送钻粉上荣耀。,2019CF百城联赛吉林赛区季军,12.7,汉宫九阳,https://www.douyu.com//5421896
穿越火线,一起看CFPL S20夏季赛~,CF全能钢枪王,67.9,白鲨石头丶,https://www.douyu.com//717
穿越火线,【重播】CFEL  S1,无,11.7,穿越火线赛事专用,https://www.douyu.com//522798
穿越火线,帮打排位/效率/高质量选手。,2021山东百城联赛省冠狙神,11,情久霸天丶,https://www.douyu.com//8885916
穿越火线,举目见日，不见长安,CF上分女武神,10.7,李莹吖y,https://www.douyu.com//8727515
穿越火线,这几天是录播 出门办事 记得荧光棒续牌子,CF第一讲师,9.2,摇热k,https://www.douyu.com//5431561
穿越火线,秒上号不排队/学技术看简单~,浙江省2018TGA春季赛金枪王,8.8,白鲨简单,https://www.douyu.com//8697971
穿越火线,皮皮拉:上分我是专业的！,生化全能王,8,皮皮拉3004O1,https://www.douyu.com//300401
穿越火线,没号 帮上荣耀之巅,无,7.9,CF石山,https://www.douyu.com//7610330
穿越火线,睡前故事/温柔御姐风 做你心上人,治愈系声优 情感电台主播,6.8,白鲨小泗,https://www.douyu.com//7921242
穿越火线,专业冲分！素质主播！,CF官方视频作者,6.6,情久秋宇,https://www.douyu.com//8542577
穿越火线,排位/卡牌/小时/秒上号,排位女司机,6.2,情久晴崽,https://www.douyu.com//1339667
穿越火线,排位女土匪，第一女QBZ.全区秒,无,6,情久优柔,https://www.douyu.com//8495302
穿越火线,AG世冠/雷神虎将/王者凌霄/, TGA选手国服知名98K ,5.4,太原庞臭臭,https://www.douyu.com//580883
穿越火线,枪王/荣耀/之巅/秒上,CF意识流枪王,5.2,大个儿Li,https://www.douyu.com//2478544
穿越火线,全能型天才 10150227,无,5.2,E十丶小师弟,https://www.douyu.com//10150227
穿越火线,我只管努力，其他交给天意?,无,4.7,小酥汐i,https://www.douyu.com//10069329
穿越火线,可能岸上的人更爱海海上的人更向往港湾,穿越火线G.R女团成员,4.3,情久美素,https://www.douyu.com//5286883
穿越火线,帮打全区排位/上分/上豆/小时/荣耀之巅,声优AK小公主,4.3,你的迷人9,https://www.douyu.com//6160997
穿越火线,身体不适一只眼睛直播，,新疆高延迟枪王之王,4.2,白鲨小画家,https://www.douyu.com//1731884
穿越火线,想遇到那个彩虹般的人,无,4.1,SK丶方紫菲,https://www.douyu.com//9373034
穿越火线,老年刀战及幽灵玩家！刀排可找我！,无,4,帝都幽冥鬼戕,https://www.douyu.com//2237590
穿越火线,轮播~明天见,无,4,cf杀三里,https://www.douyu.com//10415441
穿越火线,我可能会迟到，但绝不会缺席,TGA认证美女主播，CFDL解说,3.9,Baby擎1004,https://www.douyu.com//6043590
穿越火线,别人一天天变强，我却越来越菜,CF第一女COP,3.4,予轻纱,https://www.douyu.com//4557642
穿越火线,【绿芜】继续修仙…,无,3.4,绿芜法力无边,https://www.douyu.com//418804
穿越火线,·-·我有一头小毛驴~~,无,3.3,萌a萌,https://www.douyu.com//8002300
穿越火线,C··F··/挑战系列/来十年解忧,无,2.9,汉宫甄无敌,https://www.douyu.com//7878350
穿越火线,荣耀世冠 终身会员 挑战武器 6烈6盘龙,国服生化身法大神,2.7,汉宫暖阳,https://www.douyu.com//6394653
穿越火线,我单身我快乐,无,2.7,米子衿,https://www.douyu.com//10251217
穿越火线,帮打排位/不排队/秒上号,无,2.6,Kz秒狙,https://www.douyu.com//9184632
穿越火线,挑战专家/撕裂者/无尽箱/,无,2.3,老简一,https://www.douyu.com//6861192
穿越火线,520.我还是比较喜欢521,无,1.8,KZ小熊,https://www.douyu.com//8704088
穿越火线,【暴躁厨师】感谢陪伴,无,1.6,言意轩OvO,https://www.douyu.com//43433
穿越火线,帮老板掉豆的一天,无,1.4,星黛露pt2,https://www.douyu.com//10756359
穿越火线,呐邱：全网高效率上分/荣耀/之巅/,2016百城联赛秋季赛厦门金枪王,1.4,白日梦想家呐邱,https://www.douyu.com//1319636
穿越火线,毁灭青帝-甜心教官-十年解忧,无,1.1,谦QS狙击魔术师,https://www.douyu.com//7696318
穿越火线,刀战全能主播，枪王之王不是有手就行~,无,1,北部小沐,https://www.douyu.com//9585425
穿越火线,全区排位/只要未来可期今天就值得欢喜,无,0.9,甜心pro,https://www.douyu.com//9700569
穿越火线,深夜娱乐~~~,CFS冠军,0.8,白鲨三井,https://www.douyu.com//6727664
穿越火线,最强AWM234杀13年狙神120万杀敌,无,0.7,湖南个竞狙神宝锅,https://www.douyu.com//5753791
穿越火线,追随神的步伐第n天,无,0.7,同九酱,https://www.douyu.com//10258735
穿越火线,暴躁追击，全程小道,无,0.7,张子安i,https://www.douyu.com//3224286
穿越火线,梓毅：首胜/上分到荣耀/上豆/荣耀之巅,无,0.7,CF梓毅,https://www.douyu.com//6986060
穿越火线,全区9A91排位走起～鱼儿,无,0.6,化羽鱼儿,https://www.douyu.com//10097267
穿越火线,南部排位小姐姐已上线~,无,0.6,KZ月貌,https://www.douyu.com//16210
穿越火线,新主播 多多支持 ！！！,无,0.5,CF天赐丶,https://www.douyu.com//10864093
穿越火线,慢慢成长努力变强~,无,0.5,CF52秋,https://www.douyu.com//10656272
穿越火线,首胜，上分~~~~~~~,无,0.5,原老6,https://www.douyu.com//5617362
穿越火线,山西只会玩AK爆头的小伙,无,0.5,柔柔家的细节,https://www.douyu.com//3984926
穿越火线,?管不住嘴 迈不开腿?,无,0.4,旅行九天,https://www.douyu.com//9080462
穿越火线,进来看表演,无,0.4,用户50459086,https://www.douyu.com//9697942
穿越火线,免费/任务/挑战/活动,无,0.4,JinDaShu,https://www.douyu.com//9803122
穿越火线,回忆总想哭，一个人太孤独,无,0.4,汉宫冬天,https://www.douyu.com//8584158
穿越火线,东部排位开始摆烂！！！,无,0.4,白鲨小古屋,https://www.douyu.com//6702766
穿越火线,38岁阿姨，下饭主题专场,无,0.4,情久卷卷,https://www.douyu.com//9305472
穿越火线,生化酒店，第三真神，0加成跑酷！,无,0.4,新凰King,https://www.douyu.com//10207463
穿越火线,随缘开播 随缘游戏,无,0.3,Doggii,https://www.douyu.com//7056277
穿越火线,我赌你排位天天马枪,无,0.3,花花念伱如初,https://www.douyu.com//10718089
穿越火线,萌新来啦！ 9587319,无,0.3,你嘞大爷,https://www.douyu.com//9587319
穿越火线,枪王之路，突突突！,无,0.3,K哥8743018,https://www.douyu.com//8743018
穿越火线,夜色难免黑凉，前行必有曙光,无,0.3,弹道1st,https://www.douyu.com//5460452
穿越火线,上点分！！！ 9698434,无,0.3,E十丶阿峰学长,https://www.douyu.com//9698434
穿越火线,兴周伐纣 订阅来一波！ 23808,无,0.2,电竞阆苑,https://www.douyu.com//23808
穿越火线,光速大逃脱穿越火线特辑,无,0.2,穿越火线赛事,https://www.douyu.com//5388537
穿越火线,北部传奇枪王有车位,无,0.2,汉宫阿柚,https://www.douyu.com//5428165
穿越火线,老6跟很6的区别,无,0.2,丨铁球丨,https://www.douyu.com//5273591
穿越火线,新赛季搞起来/排位/秒上/上分/上豆，,无,0.2,皑无双,https://www.douyu.com//9198023
穿越火线,山东杯16强山东中医药VS山东财经,无,0.2,山东中医药大学电竞社,https://www.douyu.com//10808307
穿越火线,知安の白给日记,无,0.2,知安叔叔,https://www.douyu.com//10831494
穿越火线,”山东杯“决赛！,山东财经大学电竞社,0.1,山东财经大学电竞社,https://www.douyu.com//10630525
穿越火线,传说武器全家桶，暴揍小红和小蓝~,无,0.1,神之刃y,https://www.douyu.com//9360048
穿越火线,爱阴人的老6,无,0.1,寒冬落魄你不在春暖733,https://www.douyu.com//10803983
穿越火线,全区枪王之王/荣耀之巅,无,0.1,来生去做氧气,https://www.douyu.com//10601583
穿越火线,回忆里的疯子的直播间,无,0.1,回忆里疯子,https://www.douyu.com//3354669
穿越火线,CF禽兽狙 精彩视频频道,视频作者民间大神,0.1,穿越火线禽兽狙,https://www.douyu.com//5391916
穿越火线,山东杯四强争霸赛,威海职业学院电竞社,0.1,威海职业学院电竞社,https://www.douyu.com//10630538
穿越火线,带大家看掉宗师,无,0.1,初光电子竞技协会,https://www.douyu.com//10639148
穿越火线,山东杯小组赛  十组淘汰赛,无,0.1,别离已成必然,https://www.douyu.com//10808341
穿越火线,西部排位上个榜玩玩儿,无,0.1,单震新疆,https://www.douyu.com//6297969
穿越火线,山东交通职业学院电竞社的直播间,无,0.1,浅唱姐的忧伤,https://www.douyu.com//10808328
穿越火线,吴壮壮有点忙,无,0.1,吴壮壮很忙,https://www.douyu.com//10819851
穿越火线,免费上号/首胜/上车,无,0.1,cf箐茶,https://www.douyu.com//10406301
穿越火线,免费上分，名额有限，先到先得！,无,0.1,靓男阿泽,https://www.douyu.com//9756853
穿越火线,下饭主播ovo,无,0.1,蓝眼睛ovo,https://www.douyu.com//5472138
穿越火线,cf校内内战，周日,贵州师范大学电竞社,0.1,贵州师范大学电竞社,https://www.douyu.com//10318616
穿越火线,做了一个好长好长的梦,无,0.1,叶凡k,https://www.douyu.com//10868966
穿越火线,低段位上分啦~,无,0.1,99999丶阿骆,https://www.douyu.com//10701555
穿越火线,穿越火线：最精彩的个人击杀／枪王排位,无,0.1,CFHenry,https://www.douyu.com//10563440
穿越火线,1月新版本精彩回看,无,0,CF节目组,https://www.douyu.com//9141567
穿越火线,全区免费首胜，来一起玩新荣耀之巅段，冲冲,无,0,残魂k,https://www.douyu.com//7098489
穿越火线,零冲单排上枪王,无,0,煋雲丶嗼忘初心,https://www.douyu.com//7400475
穿越火线,战场主宰者,无,0,七月丶豪帅,https://www.douyu.com//8913383
穿越火线,随便玩会吧！！！,无,0,筱嵩夏,https://www.douyu.com//8769014
穿越火线,东部质量局 2448445,无,0,白鲨永恒,https://www.douyu.com//2448445
穿越火线,第一天玩cf！有一起的嘛~,无,0,白鲨菀妹,https://www.douyu.com//7059854
穿越火线,新人up视频轮播，一些脑洞的单机枪械变化,无,0,橘长呀,https://www.douyu.com//8697905
穿越火线,瞎玩一会儿 .,无,0,今晚打老虎3664,https://www.douyu.com//9522582
穿越火线,美测准备明天s7了,无,0,星团i,https://www.douyu.com//10274545
穿越火线,笙歌醉夕阳683的直播间,无,0,笙歌醉夕阳683,https://www.douyu.com//10836998
穿越火线,CF各类模式1080 60帧视频,无,0,CF小唔桐,https://www.douyu.com//5871857
穿越火线,今天是个好日子，啦啦啦啦,无,0,樰er哟,https://www.douyu.com//5228202
穿越火线,首胜/定级/爆裂者/猫爪/秒上号,无,0,cf心殇,https://www.douyu.com//8384365
穿越火线,轮播中勿扰,无,0,阿吾想吃鱼,https://www.douyu.com//9670330
穿越火线,冲冲冲0420560,无,0,烟台黄金职业学院电竞,https://www.douyu.com//10420560
穿越火线,每天500个保持手感,无,0,Xccc04,https://www.douyu.com//7212606
穿越火线,免费爆雷上号！弄！！！,无,0,伟b1阿阿阿阿阿,https://www.douyu.com//4025608
穿越火线,南部战服！！,无,0,CF俗人syt,https://www.douyu.com//8890026
穿越火线,CF游戏大杂烩,无,0,墨竹磕游戏,https://www.douyu.com//10394753
穿越火线,教你如何应对各种对局，有车位,无,0,rap言,https://www.douyu.com//10070067
穿越火线,随风柚子在线互怼，CF柚子带你上分,无,0,随风视频柚子,https://www.douyu.com//9479960
穿越火线,See you at the top,无,0,丶oKk,https://www.douyu.com//8334143
穿越火线,要打什么，秒上号,CF东莞百城金枪王,0,龙粤沐子呆,https://www.douyu.com//6460017
穿越火线,骑上我心爱的小摩托 5759096,无,0,翼彷桐刑,https://www.douyu.com//5759096
穿越火线,老寒腿来了,无,0,老寒腿萧,https://www.douyu.com//492445
穿越火线,定级，上分/秒上号，空闲中！,无,0,白鲨必杀,https://www.douyu.com//7407716
穿越火线,北部小火车出发了,无,0,阿Weii,https://www.douyu.com//19129
穿越火线,ccf生化划水,无,0,蓝色天空哈哈,https://www.douyu.com//9873234
穿越火线,没号了/全区排位秒上,无,0,阿楠Ak,https://www.douyu.com//7861040
穿越火线,求关注   每天都会更新视频,无,0,Fu2k丶离殇,https://www.douyu.com//6029206
穿越火线,ROG全新出发,无,0,FairyTaleTownPLUS,https://www.douyu.com//6373079
穿越火线,一天一个封号小技巧，天天学习封号小妙招,无,0,晚安406040,https://www.douyu.com//9108184
穿越火线,橙子:猛男直播间,COD泥鳅狙神,0,我不是橙橙甜,https://www.douyu.com//7455070
穿越火线,苏青岑丶的直播间,无,0,苏青岑丶,https://www.douyu.com//7952998
穿越火线,欢迎上车。每晚7点,无,0,CFZhenxi,https://www.douyu.com//9257067
穿越火线,猛猛干小达人,无,0,渝万Dule,https://www.douyu.com//9942083
穿越火线,荣耀之扑克牌,无,0,少恭09,https://www.douyu.com//4666858
穿越火线,十一年斜键....,无,0,旧梦Dylan,https://www.douyu.com//8012235
穿越火线,CF新主播求关注,无,0,cf陈康,https://www.douyu.com//9326400
穿越火线,一枪一个小朋友 6837655,无,0,小归尘,https://www.douyu.com//6837655
穿越火线,孑然东部荣耀枪王排位,无,0,孑然与你,https://www.douyu.com//6277474
穿越火线,汉宫小牧的直播间,无,0,汉宫小牧,https://www.douyu.com//6762328
穿越火线,定级定级！,无,0,执着Per,https://www.douyu.com//6955946
穿越火线,新主播喜欢的点点关注哦~,无,0,Monk丶帝王僧,https://www.douyu.com//4359848
穿越火线,XX徐在等一个机会,无,0,左手徐ii,https://www.douyu.com//7267219
穿越火线,无可匹敌的饭量 10299845,无,0,夏饭啊,https://www.douyu.com//10299845
穿越火线,今天又是帅气的小太爷,无,0,大神法力无边,https://www.douyu.com//10352920
穿越火线,【北部】新赛季荣耀之巅走起,2019届TGA选手,0,谦和无缺gg,https://www.douyu.com//605767
穿越火线,希望有一个人能看破小娜的脆弱,无,0,情久小妮娜,https://www.douyu.com//8656330
穿越火线,战斗机  大成,无,0,战斗机大成,https://www.douyu.com//5944436
穿越火线,过来打打首胜,无,0,渝万一老年醉,https://www.douyu.com//2184894
穿越火线,关注主播一起玩 10004086,无,0,酒街也会醉,https://www.douyu.com//10004086
穿越火线,全区帮打排位  首胜,无,0,Dy丶浩瀚,https://www.douyu.com//7061235
穿越火线,浅唱cc丶嵚城的直播间,无,0,浅唱cc丶嵚城,https://www.douyu.com//10632678
穿越火线,歪脖打不准,无,0,Lynx教练,https://www.douyu.com//7517395
穿越火线,练枪准备下赛季冲分,无,1.3,御夜灬晓江江,https://www.douyu.com//8771668
穿越火线,CF暮光-个竞老哥-爆头艺术,无,0.5,CF暮光,https://www.douyu.com//6884862
穿越火线,居间惠队长打AK,无,0.1,杀死普信男的男人,https://www.douyu.com//10860379
穿越火线,简单点的直播间 8112185,无,0,玖亿少女梦呐呐,https://www.douyu.com//8112185
穿越火线,CF武大。。。,无,0,CF呐晚,https://www.douyu.com//10858961
穿越火线,枪王排位：荣耀枪王,无,0,洛依神,https://www.douyu.com//8699217
